{
  "name": "KeyboardAutomation",
  "projectId": "63fa0651-61f3-48df-b0c5-b07e865729cd",
  "description": "Blank Process",
  "main": "Main.xaml",
  "dependencies": {
    "UiPath.System.Activities": "[25.8.1]",
    "UiPath.UIAutomation.Activities": "[25.10.16]"
  },
  "webServices": [],
  "entitiesStores": [],
  "schemaVersion": "4.0",
  "studioVersion": "25.0.176.0",
  "projectVersion": "1.0.0",
  "runtimeOptions": {
    "autoDispose": false,
    "netFrameworkLazyLoading": false,
    "isPausable": true,
    "isAttended": false,
    "requiresUserInteraction": true,
    "supportsPersistence": false,
    "workflowSerialization": "NewtonsoftJson",
    "excludedLoggedData": [
      "Private:*",
      "*password*"
    ],
    "executionType": "Workflow",
    "readyForPiP": false,
    "startsInPiP": false,
    "mustRestoreAllDependencies": true,
    "pipType": "ChildSession"
  },
  "designOptions": {
    "projectProfile": "Developement",
    "outputType": "Process",
    "libraryOptions": {
      "privateWorkflows": []
    },
    "processOptions": {
      "ignoredFiles": []
    },
    "fileInfoCollection": [],
    "saveToCloud": false
  },
  "expressionLanguage": "VisualBasic",
  "entryPoints": [
    {
      "filePath": "Main.xaml",
      "uniqueId": "dbb07418-cab8-4d54-8ed9-95b7c92c8f21",
      "input": [],
      "output": []
    }
  ],
  "isTemplate": false,
  "templateProjectData": {},
  "publishData": {},
  "targetFramework": "Windows"
}